x1,T,P,y1,y1_pred
0.0,352.39582419422385,101325.0,0.0,0.11814414
0.0044543429844097,352.7343916796456,101325.0,0.0196277680723953,0.11688599
0.0066815144766146,352.08947211623746,101325.0,0.0291569318851391,0.13148658
0.0111358574610244,353.20248940654704,101325.0,0.047533531795128,0.11758134
0.0133630289532293,352.34455880796145,101325.0,0.0565204010247538,0.13194662
0.0155902004454342,352.4442572211078,101325.0,0.0652702503241823,0.13214575
0.0178173719376391,349.8124545307022,101325.0,0.0740850282008647,0.17039704
0.020044543429844,351.10154375158226,101325.0,0.0823967123556063,0.15434608
0.0222717149220489,350.78319209693035,101325.0,0.090691946890859,0.15856425
0.0244988864142538,353.0070599553944,101325.0,0.0985424455459802,0.13390021
0.0267260579064587,351.87546048032266,101325.0,0.1066116452708015,0.15987618
0.0334075723830734,350.2089548871391,101325.0,0.1297896960822897,0.1808427
0.0356347438752783,351.5183391480634,101325.0,0.1369653049095617,0.17220521
0.0378619153674833,349.5552690244167,101325.0,0.1445103226754469,0.19848762
0.0400890868596881,352.6105246879703,101325.0,0.1511184620839157,0.15967226
0.042316258351893,351.82665759648825,101325.0,0.1582194901702563,0.18082036
0.0489977728285077,353.18279209757964,101325.0,0.1781522482104179,0.16061245
0.0512249443207126,352.8724844852888,101325.0,0.1847013643625972,0.1711317
0.0534521158129175,352.41353398829506,101325.0,0.1911722351320033,0.18330905
0.0556792873051224,350.07855483140787,101325.0,0.1979232558761649,0.21485318
0.0579064587973273,351.16688401490813,101325.0,0.203874922760967,0.2052969
0.064587973273942,352.0321958129698,101325.0,0.2215990266688815,0.2120723
0.0668151447661469,352.2790486236313,101325.0,0.2273176128659111,0.20885153
0.0690423162583518,353.17003892973685,101325.0,0.2327941713649306,0.19121087
0.0734966592427616,350.78183882413947,101325.0,0.2444435083026336,0.2325687
0.0801781737193763,349.8196860213419,101325.0,0.2606905752260268,0.26007664
0.0824053452115812,351.20281970490373,101325.0,0.2655169470072854,0.24753872
0.0846325167037861,350.20763739620355,101325.0,0.2708623730812967,0.26359317
0.086859688195991,351.97925597873007,101325.0,0.2754244632602654,0.2559483
0.0935412026726057,352.101060408009,101325.0,0.2899866280929009,0.266313
0.0957683741648106,350.5494665655282,101325.0,0.2951240178632366,0.2819812
0.0979955456570155,352.6290392055808,101325.0,0.2992204824839062,0.26404908
0.1002227171492204,352.51905742998724,101325.0,0.303835611981203,0.27270254
0.1024498886414253,350.8499135161207,101325.0,0.3088133625440387,0.2869743
0.1069042316258351,352.0299820158999,101325.0,0.3173408610725245,0.2986286
0.10913140311804,349.85900993443727,101325.0,0.32228486984478,0.31521213
0.1113585746102449,350.09963280990047,101325.0,0.3264934711222141,0.31396833
0.1180400890868596,351.9594034263681,101325.0,0.3384378919587579,0.32327765
0.1202672605790645,352.12066151450534,101325.0,0.3424364526085535,0.3259437
0.1224944320712694,352.42291612408786,101325.0,0.3463395990134775,0.3242659
0.1247216035634743,351.1356631021534,101325.0,0.3506534799394916,0.3367129
0.1269487750556792,351.5749647838116,101325.0,0.3544116738637201,0.33894554
0.131403118040089,349.7581202941439,101325.0,0.3625759303967525,0.3624657
0.1336302895322939,351.9736118471619,101325.0,0.3656528182541582,0.35234898
0.1403118040089087,352.35999542966414,101325.0,0.3764645185226463,0.35977814
0.1447661469933184,351.514317602632,101325.0,0.3837790652330875,0.37060052
0.1469933184855233,351.5368286429817,101325.0,0.3872366529025446,0.37472183
0.1492204899777282,350.51580039225047,101325.0,0.3909719002908931,0.3868187
0.1514476614699332,349.4232713382718,101325.0,0.394691077089183,0.4068524
0.153674832962138,351.04686955692944,101325.0,0.3975294019400096,0.38805324
0.155902004454343,350.1583386912781,101325.0,0.4011047379575902,0.3966203
0.1603563474387527,352.7136122930727,101325.0,0.4067948772660483,0.38434577
0.1625835189309576,350.2357579434613,101325.0,0.410748723994583,0.40751654
0.1648106904231625,349.53321096675626,101325.0,0.4141167995380633,0.42088547
0.1670378619153674,350.425535568088,101325.0,0.4169471570916123,0.4119393
0.1692650334075723,350.4743750310668,101325.0,0.4200065783911576,0.41445097
0.1714922048997772,351.9476660589076,101325.0,0.4225831439639427,0.4142232
0.1737193763919821,351.5281286093651,101325.0,0.4257190679831392,0.4137286
0.175946547884187,352.43559283642566,101325.0,0.4284043620885071,0.41441688
0.1804008908685968,350.9255474457603,101325.0,0.4347219775897707,0.42618617
0.1826280623608017,352.55608153866416,101325.0,0.4370792067981009,0.42100927
0.1848552338530066,349.96789167963084,101325.0,0.4407408176064122,0.4369205
0.1870824053452115,349.39084829253545,101325.0,0.4437360376037005,0.45010176
0.1893095768374164,349.6601914431026,101325.0,0.446430002518096,0.44901347
0.1915367483296213,352.1894374023858,101325.0,0.4483735419699216,0.44288254
0.1959910913140311,349.9450871161344,101325.0,0.4545015295960464,0.45142427
0.198218262806236,351.3041791004135,101325.0,0.4567295459976978,0.44724157
0.2004454342984409,349.9092484108527,101325.0,0.4598120177327194,0.45786077
0.2048997772828507,351.0846251022961,101325.0,0.4646235256347034,0.4574567
0.2071269487750556,350.8240849043859,101325.0,0.4672614865383439,0.46154204
0.2093541202672605,350.5060483565915,101325.0,0.4698921102841373,0.46339756
0.2138084632516703,350.7472504422136,101325.0,0.4747949063020649,0.46962672
0.2160356347438752,349.65059967726444,101325.0,0.4776016516607565,0.4802925
0.2249443207126948,352.098828535243,101325.0,0.4863852462444311,0.49127898
0.2293986636971046,353.1767055093909,101325.0,0.4906880966540574,0.4924844
0.2316258351893095,352.4150036158632,101325.0,0.4932220835198028,0.49491176
0.2383073496659242,350.38896624738067,101325.0,0.5006169053449779,0.50127625
0.2405345211581291,349.685563848614,101325.0,0.5030505057116662,0.5080854
0.242761692650334,352.9104095861754,101325.0,0.5041984374408947,0.50275683
0.2449888641425389,351.12310515933444,101325.0,0.5069374363446328,0.5113354
0.2472160356347438,350.10945345918094,101325.0,0.5094105286437758,0.5131016
0.2494432071269487,350.5238264966026,101325.0,0.5114032708002261,0.5148687
0.2516703786191536,351.6168782757676,101325.0,0.5131589759986153,0.5202938
0.2538975501113585,350.00709113175697,101325.0,0.5157665313135282,0.51874024
0.2561247216035635,352.7264571363695,101325.0,0.516963024927682,0.5179102
0.2583518930957683,352.33407811934086,101325.0,0.5191408171405659,0.5252102
0.2605790645879732,352.17785182380373,101325.0,0.5212252701794026,0.5289513
0.2628062360801781,351.0283721591004,101325.0,0.5236107491115953,0.529046
0.2650334075723831,351.8092353628098,101325.0,0.5253596511158471,0.5344765
0.2672605790645879,351.63639187565093,101325.0,0.52739745601951,0.5362838
0.2717149220489978,349.63777728455955,101325.0,0.531954678364075,0.5369665
0.2739420935412026,350.96322960868247,101325.0,0.5334606995273395,0.5384285
0.2761692650334075,349.4664566954476,101325.0,0.5358589231478829,0.54238576
0.2783964365256124,351.2759632769781,101325.0,0.5371781362251814,0.54372174
0.2806236080178174,350.6194448493312,101325.0,0.5392738623078074,0.54211885
0.2828507795100222,349.8780967554642,101325.0,0.5413819044223386,0.54384947
0.2873051224944321,351.65057828871085,101325.0,0.5445094297179317,0.5521161
0.2917594654788418,353.0004804735072,101325.0,0.5477179183449477,0.54965043
0.2939866369710467,351.6242445588016,101325.0,0.5499518922833858,0.55751956
0.2962138084632517,350.68747921813934,101325.0,0.5520334517461639,0.5545073
0.3006681514476614,349.3912154841188,101325.0,0.5559725378380203,0.5632291
0.3028953229398664,353.1342368529658,101325.0,0.5565254798765216,0.56159127
0.3051224944320712,351.2292137477716,101325.0,0.5588575745630276,0.563881
0.309576837416481,349.6309199996897,101325.0,0.562785815858639,0.56729215
0.311804008908686,351.2466333233526,101325.0,0.5639631252530342,0.56887615
0.3140311804008908,351.2628279774181,101325.0,0.565636718157053,0.5703079
0.3184855233853007,351.5869122095043,101325.0,0.5688555533486475,0.574402
0.3207126948775055,351.1939576042278,101325.0,0.5706222709967497,0.57418597
0.3229398663697104,350.3679026523676,101325.0,0.5725142034697389,0.5722233
0.3251670378619153,350.62627598937024,101325.0,0.5740519520351379,0.573537
0.3273942093541203,351.38268960988614,101325.0,0.5754219195232722,0.57891154
0.3296213808463251,351.0556458412202,101325.0,0.5771219556422607,0.57743716
0.33184855233853,349.3864483195213,101325.0,0.5792344134603892,0.5827621
0.3340757238307349,352.60516769677747,101325.0,0.579798812711067,0.5798705
0.3363028953229398,352.88464308735905,101325.0,0.5812770823263189,0.5791094
0.3385300668151447,349.8609963559945,101325.0,0.5837777113602962,0.5863672
0.3407572383073496,351.5161445741562,101325.0,0.5848026660574194,0.5875626
0.3429844097995545,349.73430296454177,101325.0,0.5868945069759793,0.5907626
0.3452115812917594,351.9889603721593,101325.0,0.5877134387475768,0.5917545
0.3496659242761692,351.93769053876764,101325.0,0.5907481919135386,0.5944814
0.3518930957683741,352.20797845714753,101325.0,0.5921594441497943,0.5957825
0.354120267260579,352.37458996767066,101325.0,0.5935936009780185,0.59627855
0.3608017817371937,350.22085596357954,101325.0,0.5986619967282042,0.60064226
0.3630289532293986,349.4496502247047,101325.0,0.6003504191280978,0.59941405
0.3652561247216035,351.5194098775659,101325.0,0.6011491265917084,0.6008292
0.3674832962138084,350.7836891354498,101325.0,0.6028078777768932,0.6002361
0.3719376391982182,352.5330058882572,101325.0,0.6051086175815547,0.60740906
0.3741648106904231,350.56855557129086,101325.0,0.6071184887780231,0.60717744
0.376391982182628,353.111597580279,101325.0,0.6077386087009441,0.6087046
0.3830734966592427,350.3238603622704,101325.0,0.6127397299069156,0.61639255
0.3853006681514476,353.0441742801959,101325.0,0.6132781325593871,0.61396897
0.3875278396436525,349.9584312703281,101325.0,0.6155784691644723,0.6198202
0.3897550111358574,349.4796424775693,101325.0,0.6170773036824012,0.6146836
0.3919821826280623,351.04038824001213,101325.0,0.6179456502358708,0.6173203
0.3942093541202672,353.26950225622335,101325.0,0.6186096766148851,0.619062
0.398663697104677,352.2944320778278,101325.0,0.6215603929711818,0.62772423
0.4008908685968819,352.8631699635141,101325.0,0.6227074054662315,0.6221974
0.4031180400890868,352.87378655879144,101325.0,0.6240158033087246,0.6238211
0.4053452115812917,351.3754334415458,101325.0,0.6257709577669531,0.6258544
0.4075723830734966,350.5637162073232,101325.0,0.6273135370196266,0.6305197
0.4097995545657015,352.38804972844395,101325.0,0.6280567405473679,0.63455147
0.4120267260579064,351.94664505267104,101325.0,0.6294744710480424,0.63250417
0.4142538975501113,350.79463091549485,101325.0,0.6310990270024529,0.6343213
0.4187082405345211,352.28715844539613,101325.0,0.6331930193429303,0.6393559
0.4231625835189309,353.0472526021352,101325.0,0.6354852438740631,0.63593847
0.4276169265033407,349.791031729646,101325.0,0.6389477495390161,0.6390588
0.4298440979955456,352.6244506884996,101325.0,0.6393448716118378,0.64451414
0.4320712694877505,349.913137266498,101325.0,0.6413820691572385,0.641557
0.4342984409799554,350.017073232631,101325.0,0.6425785852130301,0.6430984
0.4365256124721603,351.69753116608337,101325.0,0.6433036780730724,0.6429118
0.4387527839643652,352.79824816334985,101325.0,0.6441982675802777,0.64664656
0.4409799554565701,350.0857386628583,101325.0,0.6462098626442543,0.6473095
0.443207126948775,350.5412946916004,101325.0,0.6472826685515342,0.65211946
0.4498886414253897,351.3029647448094,101325.0,0.6506532159132231,0.6533451
0.4521158129175946,349.87559001020503,101325.0,0.6522603954645746,0.6526909
0.4543429844097995,349.35574515083283,101325.0,0.6535968999288466,0.65347064
0.4610244988864142,352.0106346944514,101325.0,0.6563491219627556,0.65692407
0.4632516703786191,349.7873300185141,101325.0,0.6581621988383646,0.65866214
0.465478841870824,351.3253197264825,101325.0,0.658878541529993,0.6610929
0.4677060133630289,352.07704974257155,101325.0,0.6598211378496869,0.66064507
0.4699331848552338,351.6244664368836,101325.0,0.6611071868115109,0.661638
0.4721603563474387,350.09910260664026,101325.0,0.6626988666431718,0.66318697
0.4855233853006681,353.010250204026,101325.0,0.6687004987470695,0.6678049
0.487750556792873,350.8903127752998,101325.0,0.6704298959709019,0.6733109
0.4899777282850779,350.5037947671238,101325.0,0.6716635652382112,0.67161775
0.4944320712694877,351.9514568510544,101325.0,0.6734913714135549,0.672262
0.4966592427616926,353.1224930281879,101325.0,0.6742771975571049,0.6720382
0.4988864142538975,350.4457849075282,101325.0,0.6761432208270183,0.6752598
0.5011135857461024,352.9992337172481,101325.0,0.6765341916070753,0.6761648
0.5055679287305123,351.5207921693073,101325.0,0.6791586586428107,0.6780816
0.5077951002227171,351.83590044672434,101325.0,0.6801715626125835,0.6785072
0.510022271714922,349.72358961500305,101325.0,0.6818616498391635,0.6805628
0.5144766146993318,350.97645727726524,101325.0,0.683699209690417,0.6840703
0.5167037861915367,353.1649276485728,101325.0,0.6841838352757921,0.6818831
0.5189309576837416,351.6841702129375,101325.0,0.6856825752577532,0.6840278
0.5211581291759465,353.03209288640085,101325.0,0.6863978094669239,0.6859008
0.5233853006681515,352.5174436624519,101325.0,0.6876246486323441,0.6903737
0.5278396436525612,352.43905379700874,101325.0,0.689810399304676,0.69195706
0.5300668151447662,349.371347135908,101325.0,0.6917337508495661,0.69072926
0.532293986636971,349.73657598706296,101325.0,0.6927086194385679,0.68967736
0.5389755011135857,350.2305629678657,101325.0,0.6957905368717736,0.6913875
0.5434298440979956,351.72406328280005,101325.0,0.6975218650411521,0.6942822
0.5456570155902004,352.77095581510406,101325.0,0.6983065130611541,0.70158726
0.5478841870824053,351.7124286293549,101325.0,0.6996582179908063,0.6961241
0.5501113585746102,350.95028627709473,101325.0,0.7009284866489873,0.6981925
0.5523385300668151,350.79673617362874,101325.0,0.7020328466563226,0.6999302
0.5545657015590201,351.00352834549403,101325.0,0.7030388458891653,0.69979113
0.5567928730512249,351.9077241023199,101325.0,0.7038571285879687,0.70067763
0.5634743875278396,350.29135825180543,101325.0,0.7074657902666884,0.7036013
0.5679287305122495,352.2840571209738,101325.0,0.7090489977310794,0.707637
0.5723830734966592,349.72111231941653,101325.0,0.7118385950135825,0.7079265
0.5746102449888641,349.56623542782074,101325.0,0.7129330529879789,0.71003884
0.576837416481069,351.6777346550258,101325.0,0.7134287528903552,0.70956546
0.5812917594654788,352.5986567618254,101325.0,0.7152948788205025,0.71677566
0.5835189309576837,350.5413386956963,101325.0,0.7168853392285902,0.71348727
0.5857461024498886,349.87548773188456,101325.0,0.7181115332944884,0.71413934
0.5879732739420935,352.9838818899498,101325.0,0.7183543765322161,0.72076035
0.5902004454342984,349.96212689094114,101325.0,0.7201912112481613,0.7166086
0.5924276169265034,350.4388803293518,101325.0,0.7211182518172067,0.7185722
0.5968819599109131,349.7619602546614,101325.0,0.7233962377684164,0.720023
0.6035634743875278,349.9985658837434,101325.0,0.7264891181107441,0.7235015
0.6057906458797327,349.5135277305087,101325.0,0.7276656368182888,0.72533613
0.6102449888641425,352.02285810719803,101325.0,0.7291310884556139,0.72957665
0.6124721603563474,350.8745218273281,101325.0,0.7304765148132243,0.7241559
0.6169265033407572,351.31810494808894,101325.0,0.7324738550626181,0.72831464
0.6191536748329621,352.80001976893845,101325.0,0.7331580229995969,0.7354404
0.621380846325167,352.70452650728885,101325.0,0.7342395090826829,0.735802
0.623608017817372,349.4739002480512,101325.0,0.736107304942228,0.7340398
0.6258351893095768,350.0259936383861,101325.0,0.7370258807729625,0.7346277
0.6302895322939867,350.2975503033289,101325.0,0.7390762586764169,0.73764986
0.6325167037861915,351.5849306069711,101325.0,0.7398177302259354,0.73907274
0.6347438752783964,350.9650497028128,101325.0,0.7410337350421295,0.73474765
0.6369710467706013,349.4970164797104,101325.0,0.7424605919137763,0.7414339
0.6391982182628062,350.7944565538383,101325.0,0.7432043005787176,0.73732287
0.643652561247216,349.7066876116149,101325.0,0.7456049725326452,0.7443453
0.6458797327394209,352.63383421515425,101325.0,0.7459595161370811,0.7451482
0.6481069042316258,349.50784746586044,101325.0,0.747791824790393,0.7475076
0.6525612472160356,349.6964525663195,101325.0,0.7498903516077516,0.74911034
0.6547884187082406,352.67429980639105,101325.0,0.7502473453734178,0.74926555
0.6592427616926503,353.2182827223464,101325.0,0.7522773531332695,0.7557117
0.6614699331848553,352.5081035210944,101325.0,0.7535290748149522,0.75304806
0.6636971046770601,352.4179101630853,101325.0,0.7546350682126488,0.7549722
0.665924276169265,351.8699331039822,101325.0,0.7558514257372707,0.75783396
0.6681514476614699,352.4159854183125,101325.0,0.7568109918270255,0.7573783
0.6703786191536748,349.8382088336526,101325.0,0.7585108513131671,0.75712955
0.6726057906458797,351.44427214379056,101325.0,0.7592235346330153,0.7593686
0.6748329621380846,351.35689148076165,101325.0,0.7603390812660105,0.7599343
0.6770601336302895,352.73028857649024,101325.0,0.7611162928158426,0.7603418
0.6792873051224944,351.15119746237406,101325.0,0.7625844499564891,0.7614059
0.6815144766146993,350.8403579844014,101325.0,0.7637591620867822,0.76047546
0.6837416481069042,351.85825308494844,101325.0,0.7646283281200175,0.76749194
0.688195991091314,349.85907364381586,101325.0,0.767308538498018,0.7658624
0.6904231625835189,351.21150909609497,101325.0,0.768110073062289,0.76810735
0.6926503340757239,350.96755747437953,101325.0,0.7692823873400937,0.7677144
0.6948775055679287,350.2302797621155,101325.0,0.7705701019263415,0.7674059
0.6993318485523385,350.765569799305,101325.0,0.7726956439775974,0.7696019
0.7037861915367483,350.81785631890773,101325.0,0.774944724547756,0.772891
0.7060133630289532,352.0429733818238,101325.0,0.7758062514243369,0.77918315
0.7082405345211581,350.4875058982852,101325.0,0.7772931290713366,0.7735236
0.710467706013363,353.09543170686135,101325.0,0.7778571680636486,0.7792755
0.7126948775055679,352.9653920781527,101325.0,0.7790338755879916,0.7790215
0.7149220489977728,351.2236417132003,101325.0,0.7805685349785393,0.78128123
0.7171492204899776,350.61344482001874,101325.0,0.7818568642299684,0.7796504
0.7193763919821826,351.44173915932004,101325.0,0.7828329176128148,0.78461313
0.7216035634743875,352.6942419550945,101325.0,0.7837228277380544,0.78302026
0.7238307349665924,351.9103493622404,101325.0,0.7850596552264307,0.78817034
0.7260579064587973,352.5175673117883,101325.0,0.786099511666068,0.78697217
0.7305122494432071,351.8316705170705,101325.0,0.7886014182701863,0.79143953
0.732739420935412,350.45262245672984,101325.0,0.7900797558266532,0.7879648
0.7371937639198218,350.1096183725029,101325.0,0.7925308501968703,0.7896238
0.7394209354120267,352.07919251527403,101325.0,0.7933107429407815,0.79552656
0.7416481069042316,352.7428762733036,101325.0,0.7943740942623085,0.79327977
0.7438752783964365,349.8284113492062,101325.0,0.7961911972758152,0.79488546
0.7461024498886414,351.7575189621677,101325.0,0.7969986536978994,0.7988414
0.7483296213808462,349.68038299291976,101325.0,0.7986466784498788,0.7981174
0.7527839643652561,349.6379728752941,101325.0,0.8011000657678892,0.80061436
0.7572383073496659,349.8496317201512,101325.0,0.8035223075051864,0.8015447
0.7594654788418708,353.13552098363635,101325.0,0.8040985285250898,0.80088806
0.7616926503340757,352.5035367043404,101325.0,0.805475015310453,0.80478245
0.7661469933184855,352.4304964185182,101325.0,0.8080050257269331,0.8071973
0.7706013363028953,353.08410825126936,101325.0,0.8104153519179106,0.80794317
0.7728285077951002,350.31353341535674,101325.0,0.8122379500120406,0.81151736
0.774,351.66030358143325,101325.0,0.8126475225678284,0.8128957
0.7746020066889633,349.68019679025764,101325.0,0.8133830684677976,0.8120189
0.7750556792873051,351.7646628000965,101325.0,0.8132364166930615,0.81326634
0.7758060200668897,351.5598024458898,101325.0,0.8137102586201759,0.81389886
0.7764080267558529,351.58972205613543,101325.0,0.8140530386246361,0.81415105
0.7770100334448161,351.16394061192494,101325.0,0.8144849109284368,0.8143976
0.77728285077951,351.3905271020525,101325.0,0.8145991499547783,0.81462497
0.7776120401337793,352.35569356002634,101325.0,0.8146032218599563,0.81281245
0.7782140468227425,352.49697886604827,101325.0,0.8149261443125422,0.8136384
0.7795100222717148,353.02494494276044,101325.0,0.8155802022723553,0.81371546
0.7800200668896321,349.7789343540045,101325.0,0.8165048794261509,0.815049
0.7806220735785954,349.76841426360045,101325.0,0.8168582743263427,0.8155035
0.7812240802675585,349.6508360476431,101325.0,0.8172328664860448,0.8164805
0.7817371937639198,351.93145314016215,101325.0,0.8170937651936082,0.81586874
0.7818260869565218,350.97443320316154,101325.0,0.8173297833077436,0.8165342
0.7830301003344482,351.9849256532344,101325.0,0.8178429732711864,0.8161776
0.7836321070234114,350.63455103331296,101325.0,0.8184557690217324,0.81765634
0.7839643652561247,352.89346618944614,101325.0,0.8182201426090839,0.8164178
0.7842341137123746,352.35012858828264,101325.0,0.8184826600679915,0.8165443
0.7848361204013378,350.38213976364074,101325.0,0.8192135016334238,0.8185311
0.7860401337792642,350.5577599208171,101325.0,0.8198912432771425,0.81915534
0.7861915367483295,349.9304465945,101325.0,0.8201005559038799,0.8186212
0.7866421404682274,349.8911334901688,101325.0,0.8203747422133472,0.8189802
0.7872441471571906,353.044509853503,101325.0,0.820133884033293,0.81794244
0.7878461538461539,351.051616148795,101325.0,0.8208683029671089,0.8196534
0.7890501672240803,351.51197226101164,101325.0,0.8214980159319621,0.8202694
0.7896521739130435,353.04455994735383,101325.0,0.8215694335160478,0.81930834
0.7902541806020067,352.4212059756376,101325.0,0.8220462581377649,0.8202242
0.7906458797327394,351.21747825649817,101325.0,0.8225065504875667,0.82115924
0.79085618729097,350.80543789392334,101325.0,0.8227098876747295,0.8210922
0.7920602006688964,352.1710409440146,101325.0,0.8231758977610367,0.82127
0.7928730512249443,349.7739143088682,101325.0,0.8241130953017691,0.82340246
0.7938662207357859,351.84829553596484,101325.0,0.8243232637701479,0.8226325
0.7951002227171492,352.0443854604218,101325.0,0.8250324089502414,0.82319516
0.7956722408026756,349.3492107435544,101325.0,0.8258795756879133,0.8253023
0.7962742474916388,351.117271847367,101325.0,0.8259152635001324,0.82385325
0.796876254180602,352.6015980447853,101325.0,0.82600679737165,0.82406586
0.7974782608695652,351.1341923271942,101325.0,0.8266432520730533,0.82443047
0.7980802675585285,351.0692565082716,101325.0,0.8270215828232057,0.82469285
0.7986822742474916,350.50770956577,101325.0,0.8274919047172334,0.82691526
0.799554565701559,352.42517614172607,101325.0,0.8276727023209446,0.8258242
0.799886287625418,349.7423536439845,101325.0,0.828367776488622,0.82798415
0.8004882943143813,353.2881386313503,101325.0,0.8280876822412001,0.82322246
0.8010903010033444,352.816800097231,101325.0,0.8285429666306633,0.82581913
0.8017817371937639,352.6475863186438,101325.0,0.8289988280393609,0.8267409
0.8022943143812709,349.72567812748554,101325.0,0.8298464597843003,0.82956535
0.8028963210702341,353.296418921897,101325.0,0.8295684557995551,0.82448727
0.8034983277591974,351.9627389444262,101325.0,0.8301811636182966,0.82807314
0.8040089086859687,351.9005000622352,101325.0,0.8305079601253476,0.82832557
0.8041003344481605,349.6617629079365,101325.0,0.8309705911455928,0.8310071
0.805304347826087,349.4159980128179,101325.0,0.8317596212998318,0.8318083
0.8059063545150502,350.2633122321646,101325.0,0.8319791935781613,0.83177376
0.8062360801781737,349.87208750066657,101325.0,0.8322545630736345,0.83140075
0.8077123745819398,352.9425529085236,101325.0,0.8326228788767066,0.82926506
0.808314381270903,351.92507615730995,101325.0,0.8331804741093325,0.830829
0.8084632516703786,349.4446508419788,101325.0,0.8337178763415043,0.8339455
0.8089163879598662,349.32171933651483,101325.0,0.8340229132061081,0.8337993
0.8095183946488295,349.5066316680576,101325.0,0.8343661129004802,0.8348368
0.8101204013377926,351.72370071059095,101325.0,0.8343478624353013,0.83170843
0.8106904231625834,352.50592724343767,101325.0,0.8345675873073521,0.83215284
0.8107224080267559,350.2542112825096,101325.0,0.8349873284395478,0.83471227
0.8119264214046823,349.52892776061304,101325.0,0.8358736746628569,0.8364251
0.8125284280936454,352.5038554145667,101325.0,0.8357273141958834,0.83318037
0.8131304347826087,352.38843359641754,101325.0,0.8361284997557241,0.83354837
0.8137324414715719,352.09248313591456,101325.0,0.8365618664826137,0.83389485
0.8143344481605351,352.6519208746216,101325.0,0.8368460212080452,0.83411765
0.8149364548494983,349.46060519818826,101325.0,0.8377884504065573,0.8381162
0.8155384615384615,349.79969471722256,101325.0,0.8381111156315207,0.83723474
0.8161404682274247,351.318123960772,101325.0,0.8382284151263302,0.8356648
0.816742474916388,352.2807525133154,101325.0,0.8384451597338332,0.8355218
0.8173444816053512,351.8200473783056,101325.0,0.8389101389125148,0.83641845
0.8173719376391981,352.7045243990477,101325.0,0.8387744539475256,0.83557135
0.8179464882943144,349.9208519697644,101325.0,0.8396257744680213,0.83853865
0.8185484949832776,352.2384843677407,101325.0,0.8396095551372238,0.8367591
0.8191505016722408,350.07216596347564,101325.0,0.8403711503527724,0.8397553
0.8195991091314031,350.3830350052712,101325.0,0.8406054705280919,0.839977
0.8197525083612041,352.1396187891252,101325.0,0.840401020435903,0.83781093
0.8203545150501672,353.2208191395948,101325.0,0.8406038899671059,0.83524585
0.8209565217391305,351.7461744239083,101325.0,0.8412453695997866,0.83877665
0.821826280623608,351.76523587971013,101325.0,0.8418046916168627,0.83933705
0.8221605351170569,349.4694022063207,101325.0,0.8424151543917352,0.8428612
0.82276254180602,352.83658284546726,101325.0,0.8422294173934028,0.83790827
0.8233645484949833,352.1383131404025,101325.0,0.8427394843274925,0.84029603
0.8239665551839465,349.99251138569,101325.0,0.8434967714426532,0.8424422
0.8251705685618729,353.2201087182168,101325.0,0.8437347999909124,0.83861494
0.8257725752508361,351.134242569834,101325.0,0.844480632429206,0.84232056
0.828180602006689,353.0840978142324,101325.0,0.8457351833595789,0.84154814
0.8285077951002227,350.5053705300589,101325.0,0.8463822754533438,0.84478587
0.8293846153846154,352.09910377835627,101325.0,0.8466945068348297,0.8444499
0.8305886287625418,353.0623776387821,101325.0,0.8473326510255831,0.8432633
0.8307349665924276,349.8937559596802,101325.0,0.8479560547473182,0.8461961
0.8311906354515051,351.3334109537878,101325.0,0.8480187153801537,0.8453601
0.8317926421404682,350.91613756296306,101325.0,0.8484880251525476,0.84684736
0.8329621380846325,349.776870104791,101325.0,0.8494555308788933,0.8474653
0.8329966555183946,349.83637843949106,101325.0,0.8494686808714426,0.8473606
0.8351893095768373,351.7439501881465,101325.0,0.8506225641020418,0.8479537
0.8354046822742475,351.83851646967304,101325.0,0.8507519118845469,0.84848154
0.8360066889632107,350.94724358634227,101325.0,0.8513023055961196,0.84947914
0.8366086956521739,350.9351324377148,101325.0,0.851709810474331,0.84989464
0.8372107023411371,350.17051410678783,101325.0,0.8522404312924626,0.85043895
0.8374164810690423,351.65322499363606,101325.0,0.852138620669473,0.8492269
0.8378127090301003,350.5681636452689,101325.0,0.8525824863972715,0.85093737
0.8390167224080267,350.97360017662743,101325.0,0.8533327182938264,0.8513256
0.83961872909699,351.1965307003607,101325.0,0.8537059057316361,0.8511375
0.8396436525612472,350.2023714728169,101325.0,0.853883022481128,0.85215986
0.8402207357859531,351.58983173248845,101325.0,0.8540526900273836,0.8509205
0.8414247491638795,352.1080087244415,101325.0,0.8547922636722523,0.852035
0.8426287625418061,350.5648566072962,101325.0,0.8558628627381787,0.8540628
0.8432307692307692,352.4497288879438,101325.0,0.8559774951275384,0.853071
0.8438327759197324,351.49657753439874,101325.0,0.8565425341961682,0.8530355
0.844097995545657,351.0256727807196,101325.0,0.8567996903693802,0.85438114
0.8444347826086956,351.80404992376424,101325.0,0.8569091146127664,0.85417217
0.8450367892976589,350.742629337801,101325.0,0.8574920583961952,0.85557896
0.8456387959866221,351.35095697842706,101325.0,0.8578126810818157,0.85452336
0.8462408026755853,352.2468227539289,101325.0,0.8580898081642176,0.8552358
0.8463251670378619,352.8456115468948,101325.0,0.8580550408325923,0.85626
0.8468428093645485,352.9842287891808,101325.0,0.8583934083767126,0.8562698
0.8474448160535117,351.3145317007324,101325.0,0.8590721524304958,0.8557327
0.8480468227424749,351.3811004589623,101325.0,0.8594812191081008,0.8559384
0.8485523385300667,352.49948164305533,101325.0,0.8596609078766463,0.8574231
0.8486488294314382,350.5578027669768,101325.0,0.8600292210542059,0.8578937
0.8492508361204013,352.6495294493803,101325.0,0.8601266549106042,0.858674
0.8498528428093646,351.2765665860697,101325.0,0.8607601907899018,0.8573059
0.8504548494983277,349.7634268973411,101325.0,0.8614161062270881,0.85822284
0.8507795100222717,349.5882365882918,101325.0,0.8616709902986484,0.8592494
0.851056856187291,352.6679728441579,101325.0,0.8613927343522622,0.8601057
0.8516588628762541,349.52227166762754,101325.0,0.8622991947802775,0.8602945
0.8522608695652174,350.4224457445346,101325.0,0.8625851317009817,0.86014676
0.8528628762541806,350.6365201620062,101325.0,0.8629776035586643,0.8605127
0.8530066815144766,349.9919777807664,101325.0,0.8631777439425121,0.8607157
0.8534648829431438,350.555573479208,101325.0,0.8634159558841062,0.8608976
0.854066889632107,352.27077026690034,101325.0,0.863582963113617,0.8616248
0.8546688963210702,349.3587313742403,101325.0,0.8644519805059205,0.8633252
0.8552338530066814,352.60869369808273,101325.0,0.8643630735165947,0.8631619
0.8552709030100334,352.72619209429826,101325.0,0.8643718851129906,0.86353534
0.8558729096989967,350.7890462927662,101325.0,0.8650925841375035,0.86211956
0.8564749163879599,349.91445159624254,101325.0,0.8656541308614167,0.86304986
0.8570769230769231,351.70336163178035,101325.0,0.8658167007081411,0.8620712
0.8574610244988864,349.7786902234596,101325.0,0.866380008079255,0.8634187
0.8576789297658862,350.759677444313,101325.0,0.8663894038207264,0.8634985
0.8582809364548495,353.1337167236039,101325.0,0.8664696260240565,0.8661145
0.8588829431438127,353.2818578903345,101325.0,0.8668819780196083,0.8662848
0.8594849498327759,352.3884195654184,101325.0,0.8674484211183282,0.8659046
0.8596881959910913,350.5438460396831,101325.0,0.8678676780372999,0.8654384
0.8600869565217392,352.05066019666435,101325.0,0.8679335546533307,0.8666335
0.8606889632107023,352.12162546193605,101325.0,0.868359316995027,0.867142
0.8612909698996656,350.8513667806546,101325.0,0.8689824549204891,0.8659066
0.8618929765886287,351.86355453834466,101325.0,0.8692718121901176,0.86737865
0.8619153674832962,349.3429105799027,101325.0,0.8696574811619295,0.8676573
0.862494983277592,350.136230634409,101325.0,0.8699624474387302,0.86741406
0.8630969899665552,351.40035321186906,101325.0,0.8702170111892237,0.86579967
0.8636989966555184,349.9550052170332,101325.0,0.870866983285467,0.86813116
0.8641425389755011,349.96362747150613,101325.0,0.8711900123090911,0.86844766
0.8643010033444816,352.64521716220094,101325.0,0.8709184263920211,0.87048954
0.8649030100334448,353.2565320107344,101325.0,0.8712730546145634,0.871071
0.865505016722408,351.5238777121138,101325.0,0.8719643864968736,0.8681465
0.8661070234113712,352.6562789235269,101325.0,0.872246039948376,0.8719092
0.866369710467706,353.2612866573051,101325.0,0.8723539448465955,0.8722123
0.8667090301003344,349.8663835542751,101325.0,0.8730893340458121,0.8700334
0.8673110367892977,351.09298245301744,101325.0,0.8733585929521531,0.86943394
0.8679130434782608,350.8702908633677,101325.0,0.8738360466365984,0.87098706
0.8685150501672241,349.6201971345848,101325.0,0.8744601964500752,0.87090796
0.8685968819599109,352.321320691179,101325.0,0.8741382919583487,0.8730535
0.8691170568561872,351.0351161092904,101325.0,0.8747067499315416,0.8711111
0.8697190635451505,351.17730773676163,101325.0,0.8751350940239786,0.8709841
0.8703210702341138,349.902691895253,101325.0,0.8757636092135976,0.87257046
0.8708240534521158,350.0237066089235,101325.0,0.8761221933810958,0.8735261
0.8709230769230769,352.92841448862487,101325.0,0.8757903600495638,0.8759102
0.8715250836120401,349.47859635589714,101325.0,0.8767231262038448,0.87339973
0.8721270903010033,350.2314091397748,101325.0,0.877069181952039,0.87488425
0.8727290969899666,350.46823732125813,101325.0,0.8774886548352627,0.8759956
0.8730512249443206,351.2607901696064,101325.0,0.8776213971212379,0.8742138
0.8733311036789297,351.6457806920592,101325.0,0.8777793246964389,0.875172
0.873933110367893,351.2731599034027,101325.0,0.8782853499619171,0.8750533
0.8745351170568562,349.63646133822755,101325.0,0.8789660062770337,0.8749461
0.8751371237458194,350.27466981622285,101325.0,0.8793340160879572,0.87725186
0.8752783964365256,352.6743535390502,101325.0,0.8791135061287282,0.8791429
0.8757391304347826,351.85035480191385,101325.0,0.8795759696377793,0.8779116
0.8763411371237458,351.8965962005371,101325.0,0.8800281626952848,0.87866753
0.876943143812709,351.9808130214054,101325.0,0.8804761763225307,0.87943107
0.8775055679287305,352.3516120761581,101325.0,0.8808563264435376,0.8797014
0.8775451505016723,349.5324339268858,101325.0,0.881267479068203,0.8770489
0.8781471571906354,350.7664335397305,101325.0,0.8815610277366104,0.879374
0.8787491638795987,351.4581097410467,101325.0,0.8819298912996113,0.87960017
0.8793511705685618,350.6538259331893,101325.0,0.8825002600687043,0.8810666
0.8797327394209353,352.6779154931488,101325.0,0.8825244561093477,0.88285774
0.8799531772575251,351.2302900343492,101325.0,0.8828868482210519,0.8806053
0.8805551839464882,352.37451035783755,101325.0,0.8831999354770422,0.88199615
0.8811571906354515,352.7080620675247,101325.0,0.8836220930003299,0.88421446
0.8817591973244147,351.319165931614,101325.0,0.8842717552415905,0.8822688
0.8819599109131403,352.9382089754854,101325.0,0.8842150833535894,0.88472784
0.8823612040133779,351.64849576214795,101325.0,0.8846960064376866,0.88311774
0.8829632107023411,352.7010971953349,101325.0,0.885027286263715,0.8857965
0.8835652173913043,350.6623631823661,101325.0,0.8857626431555341,0.8844141
0.8841672240802675,351.295267834126,101325.0,0.8861503462423734,0.8844004
0.8841870824053452,351.4256441640183,101325.0,0.8861489495426629,0.88439053
0.8847692307692308,349.71991886358427,101325.0,0.886825983847535,0.88274825
0.8853712374581939,350.8942100268061,101325.0,0.8871455231669206,0.88590026
0.8859732441471572,352.96935069020674,101325.0,0.8873524998235318,0.88793904
0.88641425389755,351.82332896145897,101325.0,0.8878465788344101,0.8868591
0.8865752508361204,350.01002632974786,101325.0,0.8882059130458588,0.8856647
0.8871772575250836,350.65542254243843,101325.0,0.888597829195713,0.8879728
0.8877792642140467,350.0664120386508,101325.0,0.8891486533279997,0.88657373
0.88838127090301,349.3992925271943,101325.0,0.8897099866926075,0.88423514
0.888641425389755,353.00984183401613,101325.0,0.8894597171057727,0.8901077
0.8889832775919733,351.0928293130275,101325.0,0.889972820418609,0.8885167
0.8895852842809364,350.5301402896832,101325.0,0.8905225205845468,0.89004683
0.8901872909698997,351.69390876623095,101325.0,0.8908564575420975,0.8898442
0.8907892976588628,349.3292578251721,101325.0,0.8916331311555148,0.88591886
0.8908685968819599,350.4120884264033,101325.0,0.8915609012281216,0.890509
0.8913913043478261,352.1121338627956,101325.0,0.8917680134892426,0.8912182
0.8919933110367892,351.83507909227706,101325.0,0.8922855812528363,0.8915256
0.8925953177257525,353.22722379017017,101325.0,0.8925990950496044,0.8926668
0.8930957683741648,351.78143083863216,101325.0,0.8931797487738121,0.89235187
0.8931973244147157,351.2100234945109,101325.0,0.8933317272859115,0.89209914
0.8937993311036789,352.345730252736,101325.0,0.8936791663720552,0.8930273
0.8944013377926421,352.9133114878562,101325.0,0.8940979623210419,0.89588314
0.8950033444816053,352.1827837868734,101325.0,0.8946749747314348,0.8939913
0.8953229398663697,353.1528448941976,101325.0,0.894817962175583,0.8957478
0.8956053511705685,352.4280206829527,101325.0,0.895134997204878,0.89506984
0.8962073578595318,352.76720575304773,101325.0,0.8955850807809823,0.89776295
0.8968093645484949,349.75641628473454,101325.0,0.8964373749909297,0.8933223
0.8974113712374582,352.2296540119752,101325.0,0.8966336846774318,0.8958057
0.8975501113585745,351.0603547981095,101325.0,0.896886440208894,0.8970958
0.8980133779264213,351.5124152096451,101325.0,0.8972123368102556,0.89619225
0.8986153846153846,351.91640963792946,101325.0,0.8976590347912842,0.89763296
0.8992173913043477,353.1792604668223,101325.0,0.8980066877109613,0.8991788
0.8997772828507795,353.2383123257265,101325.0,0.8984623101966915,0.89874333
0.899819397993311,350.4529129819516,101325.0,0.8988228856703421,0.90018934
0.9004214046822743,352.2350139897517,101325.0,0.899112025168599,0.8983591
0.9010234113712374,352.29993415174107,101325.0,0.8996034802468238,0.8988776
0.9016254180602006,350.6859714452522,101325.0,0.900290046205237,0.90265846
0.9020044543429844,349.7954790994569,101325.0,0.9007079708991248,0.8981202
0.9022274247491638,349.4637878411429,101325.0,0.9009316264116412,0.8946109
0.9028294314381272,352.4093725101167,101325.0,0.9010944209960844,0.9012804
0.9034314381270904,351.25879896726764,101325.0,0.9017287916649696,0.9016067
0.9040334448160536,353.2421606779797,101325.0,0.9020081460820903,0.90297616
0.9042316258351892,351.1598938247746,101325.0,0.9024099584307046,0.90315294
0.9046354515050168,353.21166791629537,101325.0,0.90251753779845,0.9039667
0.90523745819398,350.9463040087762,101325.0,0.9032787760241952,0.90508074
0.9058394648829432,352.4747286022399,101325.0,0.9036148237133436,0.90431154
0.9064414715719064,349.63927708924734,101325.0,0.9044399505702212,0.90042907
0.9064587973273942,351.52184684055106,101325.0,0.9042442815684724,0.9035205
0.9070434782608696,352.5082391479429,101325.0,0.9046299584640928,0.9055541
0.9076454849498328,352.9988066688796,101325.0,0.9050871738148298,0.90737563
0.908247491638796,352.5903323624697,101325.0,0.9056442986637716,0.9071323
0.9086859688195992,349.4478829088048,101325.0,0.9063624139464764,0.9001493
0.9088494983277592,350.7908093652269,101325.0,0.9063541372820826,0.9090483
0.9094515050167225,349.4947938892554,101325.0,0.9070092051338682,0.9014437
0.9100535117056856,349.7371291644582,101325.0,0.9074967935377098,0.9050723
0.9106555183946488,352.00122251467,101325.0,0.9077678355038288,0.908213
0.910913140311804,352.1530327852468,101325.0,0.9079729228656442,0.90759486
0.911257525083612,352.39488273100653,101325.0,0.9082433749138592,0.9081623
0.9118595317725752,352.76182619222266,101325.0,0.9087233742944004,0.91129977
0.9124615384615384,352.25772587390605,101325.0,0.90929692042999,0.9081796
0.9130635451505016,352.50348636842654,101325.0,0.9097922599488536,0.91039103
0.9131403118040088,349.49585483929314,101325.0,0.9101762651093712,0.90449446
0.9136655518394649,350.2381406017652,101325.0,0.9105524406477046,0.9129018
0.914267558528428,351.787591093501,101325.0,0.910912889952168,0.91099375
0.9154715719063544,351.3585173684654,101325.0,0.9120071415029688,0.9118924
0.9160735785953176,352.0091495974576,101325.0,0.912466889926858,0.9126735
0.916675585284281,349.4184291565145,101325.0,0.9132601657982083,0.9065139
0.917277591973244,350.9054222302136,101325.0,0.9136362652755752,0.9159513
0.9175946547884186,352.8825395255348,101325.0,0.9137152356483976,0.91675067
0.9190836120401338,352.71112451852764,101325.0,0.915049139976322,0.917155
0.9196856187290968,350.69212569363805,101325.0,0.91578386035976,0.9187117
0.9202876254180602,350.4957746044756,101325.0,0.9163377736892572,0.9195234
0.9214916387959866,350.8877602709913,101325.0,0.9173717909493913,0.91952896
0.9220489977728284,350.3993002030203,101325.0,0.9179175899120092,0.9210547
0.9220936454849498,352.8462302486875,101325.0,0.917720338741865,0.920211
0.922695652173913,350.050374727758,101325.0,0.9185304826383188,0.9202162
0.9232976588628762,349.63924636494306,101325.0,0.9191102928737478,0.9170529
0.9238996655518394,350.66770775418263,101325.0,0.9195531119531644,0.9223263
0.9245016722408026,352.5297264239051,101325.0,0.9199199903556232,0.92013234
0.925103678929766,353.29497348026706,101325.0,0.9203937377902864,0.92098767
0.9263076923076924,350.9317678045251,101325.0,0.9217081832774128,0.9231668
0.9265033407572384,349.8472851121185,101325.0,0.921987082092593,0.9225011
0.9275117056856188,353.2903201490517,101325.0,0.9225900916104957,0.92293745
0.9287157190635452,351.6808513616535,101325.0,0.923840824617454,0.9233972
0.9293177257525084,352.9611950411422,101325.0,0.9242798350890932,0.92594355
0.9299197324414716,351.2876663845214,101325.0,0.9249847274498816,0.92422426
0.9305217391304348,349.83746765325225,101325.0,0.9256697925710436,0.9258521
0.930957683741648,350.7615138527965,101325.0,0.9259908266593796,0.9275745
0.931123745819398,349.56866667539106,101325.0,0.9262501108240868,0.92330396
0.9317257525083612,350.1079161507552,101325.0,0.9267603506515976,0.9281377
0.9329297658862876,351.11311966600067,101325.0,0.9277933308786088,0.9270609
0.933184855233853,351.8381610598072,101325.0,0.9279692237525204,0.9269738
0.9335317725752508,350.67316984951566,101325.0,0.92839359368417,0.9298272
0.934133779264214,350.9815270860211,101325.0,0.9289309269565196,0.9287114
0.9347357859531772,353.1368370913783,101325.0,0.92931461328842,0.92923033
0.9353377926421405,352.3078524862997,101325.0,0.929951515738002,0.92759436
0.9354120267260578,351.4634265477798,101325.0,0.9300920867808754,0.92853826
0.9359397993311036,350.43816350044733,101325.0,0.9306755252691292,0.93173057
0.9365418060200668,352.887987195092,101325.0,0.9310424470765944,0.9310918
0.93714381270903,350.2403884675226,101325.0,0.931830692778034,0.93267316
0.9377458193979932,352.9362592576918,101325.0,0.9321832858071456,0.93211144
0.9383478260869564,351.4181682211403,101325.0,0.9328797235245424,0.93070626
0.9398663697104676,351.913756836038,101325.0,0.93429331977924,0.93193096
0.940153846153846,350.4975331660593,101325.0,0.93468090395206,0.9346669
0.9407558528428092,350.26548824650666,101325.0,0.9352774553843702,0.93521893
0.9413578595317724,350.58996938867466,101325.0,0.9358319137020036,0.9354395
0.9419598662207358,349.9217662563337,101325.0,0.9364645861250592,0.93515897
0.942561872909699,350.43298773300046,101325.0,0.9370077643128816,0.93634886
0.943163879598662,351.54595757765753,101325.0,0.9375077113149006,0.934192
0.9437658862876254,352.4678977005655,101325.0,0.938025063275614,0.9342475
0.9449698996655518,351.2050292343469,101325.0,0.93929527778114,0.9353415
0.9461739130434782,351.99838990791613,101325.0,0.940419887456146,0.9361851
0.9467759197324416,352.9102158768769,101325.0,0.940948594111633,0.9379232
0.947979933110368,350.0407173798143,101325.0,0.9423421717169036,0.9396872
0.948581939799331,351.5486829349503,101325.0,0.9428340057293406,0.937878
0.9487750556792872,349.7075766292582,101325.0,0.9431536036061804,0.939091
0.9491839464882944,351.911688506256,101325.0,0.943408206984874,0.93832976
0.9497859531772574,353.1213977127513,101325.0,0.9439271037826044,0.93955433
0.9503879598662208,351.35092825720045,101325.0,0.9446490273395668,0.9390076
0.9510022271714922,349.44337100567265,101325.0,0.9453921461392516,0.9382712
0.9515919732441472,353.1390980893169,101325.0,0.945739815557344,0.9406229
0.9521939799331104,349.71201073652065,101325.0,0.9465708768106492,0.94142926
0.9527959866220737,349.4643163732194,101325.0,0.947193697276382,0.93984497
0.953229398663697,350.2842664460198,101325.0,0.9475785960527132,0.9432536
0.9533979933110368,349.56212173567354,101325.0,0.9477955004380544,0.9412902
0.954,351.1204713696471,101325.0,0.9483065008475317,0.9412538
0.955456570155902,351.36435120502847,101325.0,0.949775598459633,0.9422276
0.9576837416481068,350.55027979611435,101325.0,0.9521107954844056,0.94558203
0.9599109131403116,349.5038419302996,101325.0,0.9544762144143608,0.9451532
0.9621380846325168,349.7464014729969,101325.0,0.9567885612544964,0.94764805
0.9665924276169264,349.54211380330617,101325.0,0.9615167569760048,0.94947684
0.9710467706013364,350.12808216609926,101325.0,0.9663000655242744,0.9529073
0.9732739420935412,350.50828627513454,101325.0,0.9687258594236896,0.9534417
0.975501113585746,350.8765031087124,101325.0,0.9711781920670688,0.95351344
0.977728285077951,350.9664385322766,101325.0,0.9736661774032018,0.9541863
0.9799554565701558,349.3066428306992,101325.0,0.9762319049880568,0.955143
0.9821826280623608,349.7482814839948,101325.0,0.9787556453439342,0.95768595
0.9844097995545656,352.75105825496354,101325.0,0.9812470259465912,0.9578721
0.9866369710467704,349.30493225004767,101325.0,0.9839152939986254,0.95843375
0.9910913140311804,351.25800802602885,101325.0,0.9891405227295812,0.96026963
0.9933184855233852,350.6323766440425,101325.0,0.99182014635127,0.9616087
0.997772828507795,352.42232455010634,101325.0,0.9972387674510288,0.963125
1.0,352.66481482485983,101325.0,1.0,0.96432287
